age,salary,city,target
-1.7722938923964164,-1.7008401285415227,1,1
0.0,-0.18898223650461363,0,0
0.5063696835418336,0.0,1,1
1.2659242088545837,0.5669467095138409,2,0
0.0,1.3228756555322954,1,1
